source,author,title,description,url,publishedAt,content
Wired,Julian Chokkattu,Apple’s iPhone Camera App Is Getting an AI Upgrade in iOS 27,"Siri is now directly embedded into the camera app, and there are more artificial intelligence tools in the Photos app to alter your images.",https://www.wired.com/story/apples-iphone-camera-app-is-getting-an-ai-upgrade-in-ios-27/,2026-06-08T18:40:32Z,"Your iPhone camera app will look a little different this fall. On Monday at its annual Worldwide Developers Conference in Cupertino, California, Apple showed off new features in its next version of i… [+2335 chars]"
Wired,Matt Kamen,The Best Movies to Stream This Month (June 2026),"“I Am Frankelda,” “A.I. Artificial Intelligence,” and “From Russia With Love” are among the films deserving of your eyeballs this month.",https://www.wired.com/story/the-12-best-movies-to-stream-right-now/,2026-06-23T16:00:00Z,"Temperatures may be soaring, but theres an unseasonable chill on screens right nowat least when it comes to some of the movie offerings hitting streaming services this month.
Director Yorgos Lanthim… [+3638 chars]"
BBC News,,Anthropic: AI could escape human control,US firm proposes coordinated global slowdown on building advanced artificial intelligence,https://www.bbc.co.uk/sounds/play/p0nqck86?at_campaign=rss,2026-06-05T15:43:00Z,"Available for 29 days
One of the biggest artificial intelligence developers, the US firm Anthropic, has proposed a coordinated global slowdown on building advanced AI systems, saying that the latest… [+1360 chars]"
Hackaday,Maya Posch,But Just What is This ‘Artificial Intelligence’?,"In the world of buzzwords, the acronym ‘AI’ has absolutely been the buzziest of buzzing buzzwords for at least a few years now. Where previously terms like ‘smart’ and ‘intelligent’ …read more",https://hackaday.com/2026/06/03/but-just-what-is-this-artificial-intelligence/,2026-06-03T14:00:50Z,"In the world of buzzwords, the acronym ‘AI’ has absolutely been the buzziest of buzzing buzzwords for at least a few years now. Where previously terms like ‘smart’ and ‘intelligent’ sufficed to promo… [+9366 chars]"
CNET,Omar Gallaga,Trump's New AI Executive Order Has No Teeth and No Requirements,"The order, intended to review artificial intelligence models that could pose risks to the US, is strictly voluntary.",https://www.cnet.com/tech/services-and-software/trump-ai-executive-order-has-no-requirements/,2026-06-02T22:45:58Z,"Under an executive order issued by President Donald Trump, AI companies such as OpenAI and Anthropic are being asked to submit advanced artificial intelligence models to the government for vetting on… [+3427 chars]"
CNET,Laura Michelle Davis,Apple's Price Hikes Aren't Just an AI Problem,Commentary: The boom in artificial intelligence is causing a memory chip shortage. Apple decided to make us pay for it.,https://www.cnet.com/tech/computing/apple-price-hikes-not-unavoidable-blame-ai-boom/,2026-06-28T11:01:00Z,"Last week, in an exclusive interview with the Wall Street Journal, outgoing Apple CEO Tim Cook warned that the memory chip crunch made price increases ""unavoidable."" He also made what seemed like a p… [+10098 chars]"
Business Insider,Natalie Musumeci,Amazon Web Services CEO says half of white-collar jobs may 'change' due to AI — but it won't be a 'wipe-out',"Matt Garman, the CEO of AWS, pushed back on fears that artificial intelligence will decimate large swaths of the workforce.",https://www.businessinsider.com/amazon-aws-ceo-matt-garman-white-collar-jobs-change-ai-2026-6#article,2026-06-24T17:19:26Z,"Amazon Web Services CEO Matt Garman says AI will create jobs.Noah Berger/Getty Images for Amazon Web Services
<ul><li>Amazon Web Services CEO Matt Garman argued AI will transform, not eliminate, job… [+2650 chars]"
Kotaku,Lewis Parker,A24 Fans Mourn Its Death After The Backrooms Studio Signs $75 Million Google AI Deal: ‘Membership Cancelled’,"A24's 'artificial-intelligence research partnership' with Google DeepMind has, unsurprisingly, pissed off the studio's fanbase",https://kotaku.com/a24-ai-backrooms-google-deepmind-deal-2000709598,2026-06-23T20:07:56Z,"A24, the independent film production studio behind the likes of Backrooms, Uncut Gems, Everything Everywhere All at Once, and Hereditary, has signed an artificial-intelligence research partnership de… [+2309 chars]"
Gizmodo.com,Bruce Gil,Mistral CEO Says the Pope’s Comments Are a Big Problem for Europe’s War on American Tech,CEO Arthur Mensch argues Europe needs its own advanced AI capabilities in order to avoid getting left behind by American rivals.,https://gizmodo.com/mistral-ceo-says-the-popes-comments-are-a-big-problem-for-europes-war-on-american-tech-2000764700,2026-05-28T19:20:40Z,"Mistral CEO Arthur Mensch is pushing back against Pope Leo XIVs recent call for AI to be disarmed, arguing that Europe cant afford to fall behind U.S. tech giants in the race for advanced AI.
We’re … [+3597 chars]"
Wired,Luke Larsen,MacOS 27 Golden Gate: Top New Features,"Apple has announced the latest version of macOS. It's all about the reintroduction of Siri, which is now accessible from anywhere on the Mac desktop.",https://www.wired.com/story/macos-27-golden-gate-top-features/,2026-06-09T17:33:21Z,"One of the most interesting new features is Custom Extensions, which lets you create an extension for Safari in natural language. Lastly, the new version of Safari will work the Passwords app to auto… [+2328 chars]"
Business Insider,Chris Panella,US Army soldiers say you can't just pour AI on new warfighting tech like ranch dressing,"Artificial intelligence has specific uses in the Army's new command system, and soldiers said they remain in the loop with the new tools.",https://www.businessinsider.com/us-army-soldiers-ai-cant-be-poured-warfighting-tech-ranch-2026-6,2026-06-11T09:42:01Z,"Last month, soldiers conducted a live-fire exercise in Colorado, marking the latest test of NGC2.US Army photo by Staff Sgt. Richard Stewart
<ul><li>Soldiers working on the US Army's NGC2 platform s… [+4753 chars]"
Whitehouse.gov,Ellie Acra,Promoting Advanced Artificial Intelligence Innovation and Security,"By the authority vested in me as President by the Constitution and the laws of the United States of America, it is hereby ordered: Section 1.  Purpose.",http://www.whitehouse.gov/presidential-actions/2026/06/promoting-advanced-artificial-intelligence-innovation-and-security/,2026-06-02T16:36:50Z,"By the authority vested in me as President by the Constitution and the laws of the United States of America, it is hereby ordered:
Section1.  Purpose.  The United States continues to lead the world … [+7766 chars]"
The Atlantic,Ted Chiang,Artificial intelligence is not conscious – Ted Chiang,"Taken to its logical conclusion, this line of thinking is absurd—and damning.",https://www.theatlantic.com/philosophy/2026/06/no-artificial-intelligence-is-not-conscious/687378/,2026-06-03T17:51:37Z,"Anthropic is regarded as a giant among AI companies, but perhaps what it really excels in is anthropomorphism. Earlier this year, the company released an 84-page document titled Claudes constitution,… [+35008 chars]"
BBC News,Ana Faguy,Dozens walk out as Google boss Pichai addresses Stanford graduates,Some students were protesting against the company's controversial work with the US government on artificial intelligence.,https://www.bbc.com/news/articles/cqx10gg2r2vo?xtor=AL-72-%5Bpartner%5D-%5Byahoo.north.america%5D-%5Bheadline%5D-%5Bnews%5D-%5Bbizdev%5D-%5Bisapi%5D,2026-06-15T14:44:32Z,"Watch: Dozens of Stanford grads walk out on Google CEO's speech
Several students walked out of their Stanford University graduation ceremony as Google CEO Sundar Pichai took the stage to deliver a k… [+2000 chars]"
Gizmodo.com,Bruce Gil,Amazon MGM Studios Backs Out of Sam Altman Biopic Months After Amazon Gave OpenAI Tons of Money,The decision comes months after Amazon announced a $50 billion partnership with the AI company.,https://gizmodo.com/amazon-mgm-studios-backs-out-of-sam-altman-biopic-months-after-amazon-gave-openai-tons-of-money-2000774244,2026-06-19T15:30:04Z,"Months after Amazon announced plans to invest billions in OpenAI, the e-commerce giants film studio has now dropped an upcoming movie about the AI company.
Amazon MGM has decided not to release Arti… [+3082 chars]"
The Verge,Andrew J. Hawkins,Ford had to hire back former engineers to fix mistakes made by its automated systems,"To celebrate its new status as No. 1 in JD Power's initial quality ranking among mainstream automakers, Ford is opening up about the challenges it has faced in recent years, especially around its reliance on automated systems in production and design. It turn…",https://www.theverge.com/transportation/956316/ford-quality-jd-power-ranking-ai-automated-mistakes,2026-06-24T21:27:04Z,"<ul><li></li><li></li><li></li></ul>
The automaker was recently named No. 1 in JD Powers initial quality ranking for the first time in 16 years.
The automaker was recently named No. 1 in JD Powers … [+6326 chars]"
Yahoo Entertainment,Reuters,Explainer-What are AI PCs that Nvidia's Jensen Huang is betting on?,June 1 () - Nvidia has turned the spotlight on AI PCs after CEO Jensen Huang launched a new chip that would put artificial intelligence capabilities directly...,https://finance.yahoo.com/news/explainer-ai-pcs-nvidias-jensen-135342450.html,2026-06-01T16:38:37Z,June 1 (Reuters) - Nvidia has turned the spotlight on AI PCs after CEO Jensen Huang launched a new chip that would put artificial intelligence capabilities directly into laptops and desktop computers… [+3426 chars]
Yahoo Entertainment,"Kevin Schaul and Nitasha Tiku, (c) 2026 , The Washington Post",The White House said Anthropic's powerful AI was 'jailbroken.' Here's what that means.,"Artificial intelligence tools have remarkably broad knowledge about the world, but some of it is unsavory or dangerous. Tech firms try to prevent their chatb...",https://finance.yahoo.com/news/the-white-house-said-anthropics-powerful-ai-was-jailbroken-heres-what-that-means-180807534.html,2026-06-18T18:08:07Z,"Artificial intelligence tools have remarkably broad knowledge about the world, but some of it is unsavory or dangerous.
Tech firms try to prevent their chatbots from discussing certain topics such a… [+4127 chars]"
Yahoo Entertainment,WSJ,"How Leaders Are Transforming Marketing, Creativity, and Operations","A panel of chief executives discuss how artificial intelligence is transforming marketing, retail, food delivery, and creative industries. They detail the op...",https://finance.yahoo.com/video/leaders-transforming-marketing-creativity-operations-142000137.html,2026-06-10T14:20:00Z,"A panel of chief executives discuss how artificial intelligence is transforming marketing, retail, food delivery, and creative industries. They detail the opportunities for growth, productivity, and … [+87 chars]"
NPR,Holly J. Morris,Which first lady feared her husband might be having a stroke? The quiz knows,"This week, the pope took aim at AI, a fancy carmaker dipped a toe in the EV market and a first lady made a surprising comment.",https://www.npr.org/2026/05/29/g-s1-124599/tennis-biden-bezos-pope-google-news-quiz,2026-05-29T09:01:00Z,"This week, the pope took a stand on artificial intelligence in an encyclical Google Gemini called ""historic and highly ambitious"" and an ""aggressive, uncompromising critique."" Thanks, Gemini! Enjoy t… [+27 chars]"
Gizmodo.com,Ece Yildirim,"‘We Expect It to Leak, So We’re Just Announcing It’: OpenAI Files Confidentially for IPO",The most consequential artificial intelligence IPO is on the horizon.,https://gizmodo.com/we-expect-it-to-leak-so-were-just-announcing-it-openai-files-confidentially-for-ipo-2000762237,2026-06-08T22:17:07Z,"OpenAI is officially going public. The AI giant announced on Monday that it filed for an IPO with the U.S. Securities and Exchange Commission.
“We expect it to leak so were just announcing it,” Open… [+4040 chars]"
Public Technology,,UK Home Office launches £75M 'PoliceAI' to capitalise on artificial intelligence,"Rebrand ditches dot from “Police.AI” proposal floated in January’s policing white paper as minister espouses the potential for technology to identify stolen goods and track people selling illegally obtained items







The Home Office has formally launched a…",https://www.publictechnology.net/2026/06/15/public-order-justice-and-rights/home-office-launches-75m-policeai-to-capitalise-on-artificial-intelligence/,2026-06-20T20:41:06Z,"The Home Office has formally launched a new national centre for scaling up the use of artificial intelligence for policing in England and Wales.
Creating Police.AI was one of a range of measures set… [+3274 chars]"
Yahoo Entertainment,WSJ,LinkedIn Executive Details Global Hiring Slowdown and the Rise of 'New Collar' AI Jobs,"LinkedIn Chief Business Officer Mark Lobosco said that overall global hiring is currently running 20% to 30% below pre-pandemic levels, while the artificial-...",https://finance.yahoo.com/video/linkedin-executive-details-global-hiring-151100729.html,2026-06-23T15:11:00Z,"LinkedIn Chief Business Officer Mark Lobosco said that overall global hiring is currently running 20% to 30% below pre-pandemic levels, while the artificial-intelligence sector remains a major bright… [+218 chars]"
Gizmodo.com,Ece Yildirim,Republicans Claim Anti-Data Center Movement Is a Chinese Psy-Op,The lawmakers are asking the FBI to step in.,https://gizmodo.com/republicans-claim-anti-data-center-movement-is-a-chinese-psy-op-2000767611,2026-06-05T11:35:54Z,"A group of Republican lawmakers is demanding that the FBI investigate whether rising anti-AI sentiment among the American public is a foreign-influence operation led by China.
“The Committee on Ener… [+3510 chars]"
Gizmodo.com,Justin Caffier,"Philly Cops Are Reportedly Monitoring Anti-AI Memes, According to Internal Alert",A bulletin from a regional fusion center clocks increasing anti-AI sentiment on social media and warns offline destructive action is coming.,https://gizmodo.com/philly-cops-are-reportedly-monitoring-anti-ai-memes-according-to-internal-alert-2000766462,2026-06-02T19:35:42Z,"The Constitution and centuries of case law have done an adequate job of enshrining the right to protest in America. But according to the Trump administration, those rights are all but forfeit if the … [+3135 chars]"
Gizmodo.com,Webb Wright,"Bernie Sanders’ New AI Bill Would Pay Americans $1,000 a Year",The senator is making the case that AI is a public resource that was built using the collective genius of humanity.,https://gizmodo.com/bernie-sanders-new-ai-bill-would-pay-americans-1000-a-year-2000773754,2026-06-18T19:45:06Z,"Bernie Sanders is making the case in Washington that since modern AI systems were built using the intellectual and creative outputs of all of humanity, the revenues they generate should go directly t… [+3486 chars]"
Gizmodo.com,Webb Wright,OpenAI Joins Anthropic in Call for International AI Watchdog,The calls for a slow down on frontier model development are growing.,https://gizmodo.com/openai-joins-anthropic-in-call-for-international-ai-watchdog-2000769442,2026-06-09T15:40:29Z,"OpenAI is calling for the formation of an international organization to oversee AI development. And to slow it down, if necessary: “One goal of such an organization should be to make it possible for … [+2862 chars]"
The Verge,Tina Nguyen,"The future of AI regulation is courting the strangest, most anxious bedfellows","Hello and welcome to Regulator, a newsletter for Verge subscribers about tech politics, tech influence, and tech shenanigans in Washington, DC. (If you're not a subscriber, you can get on board here.) We're back after a two-week hiatus, during most of which I…",https://www.theverge.com/column/947838/washington-ai-network-honors-2026-midterms,2026-06-10T17:25:32Z,"<ul><li></li><li></li><li></li></ul>
The future of AI regulation is courting the strangest, most anxious bedfellows
The future of AI regulation is courting the strangest, most anxious bedfellows
b… [+7531 chars]"
Nature.com,"Dyke Ferber, Lars Hilgers, Christiane Höper, Benedict Kinny-Köster, Jan-Niklas Eckardt, Katharina Egger-Heidrich, Marius Bill, Martin M. K. Schneider, Jan Clusmann, Lejla Kadric, Marcel Oehme, Maximilian Mayrhofer-Schmid, Alexander Oeser, Georg Wölflein, Isabella C. Wiest, Jan Moritz Middeke, A. John Iafrate, Daniel Truhn, Dirk Jäger, Jakob Nikolas Kather",Towards autonomous medical artificial intelligence agents,"A large language model artificial intelligence agent operating in a sandboxed electronic health record system can autonomously&nbsp;take patient histories, order tests, interpret findings, diagnose conditions and propose treatments, outperforming experienced …",https://www.nature.com/articles/s41586-026-10675-5,2026-06-17T00:00:00Z,"MIMIC-IV dataset
Dataset description
We develop a benchmark of 574 patients derived from the MIMIC-IV database which is a publicly available, comprehensive repository of de-identified EHRs from app… [+50867 chars]"
Slashdot.org,BeauHD,Ford Rehires 350 Engineers After AI Fails To Preserve Expertise or Train Juniors,"After Ford's automated quality-control systems and AI tools fell short, the automaker hired 350 veteran engineers over the past three years to mentor younger staff and reprogram the underperforming technology. ""Artificial intelligence is a fantastic tool, but…",https://slashdot.org/story/26/06/25/1624241/ford-rehires-350-engineers-after-ai-fails-to-preserve-expertise-or-train-juniors,2026-06-25T17:00:00Z,"Those engineers were ""at the heart"" of Ford's efforts to turn around quality problems, said Kumar Galhotra, chief operating officer. They now run mandatory meetings that rigorously troubleshoot quali… [+1193 chars]"
Wired,Kate Knibbs,We Asked the ‘Future of Truth’ Author to Explain How He Used AI. It Didn’t Go Well,A book about how AI shapes perceptions of reality came under fire for using AI-generated quotes. Its problems go beyond that.,https://www.wired.com/story/future-of-truth-ai-interview/,2026-05-29T16:30:00Z,"Earlier this month, WIRED published an excerpt from Steve Rosenbaums buzzy new book, The Future of Truth, which looks at how artificial intelligence warps peoples sense of reality. Shortly thereafter… [+3544 chars]"
Wired,Paresh Dave,Amazon Employees Show Up to City Council Meeting to Demand Limits on Data Centers,Activists say it’s the first time big tech employees have publicly called for regulations governing data center projects.,https://www.wired.com/story/amazon-employees-publicly-demand-regulations-on-data-centers/,2026-06-03T18:07:11Z,"Two Amazon employees on Wednesday publicly called for regulations on new data centers, telling elected officials in Seattle that unchecked development of the sharply disputed nerve centers of AI thre… [+3254 chars]"
Wired,Lily Hay Newman,CISA Tells US Agencies to Fix Security Bugs in as Little as 3 Days Thanks to AI Threats,"“Defenders cannot afford to take weeks to patch,” one Cybersecurity and Infrastructure Security Agency official warned on Wednesday.",https://www.wired.com/story/cisa-ai-vulnerability-directive/,2026-06-10T20:55:40Z,"With new generations of AI models fueling both rapid software vulnerability discovery and the potential for faster exploitation by malicious hackers, the United States Cybersecurity and Infrastructur… [+3945 chars]"
Wired,"Dell Cameron, Yulia Almazova",Leak Exposes Members of Peter Thiel’s Secretive ‘Dialog’ Society,More than 200 of the world's elites registered for a retreat whose agenda runs from panels on cult-building and sex to prepping for World War III. An associated app offers matchmaking.,https://www.wired.com/story/leak-exposes-members-of-peter-thiels-secretive-dialog-society/,2026-06-16T20:21:57Z,"What ties the roster together more than any title or office is a shared preoccupation with artificial intelligence, longevity, and the near future. Asked on a sign-up form to predict the future, regi… [+3377 chars]"
Wired,Fernanda González,China Defies US Restrictions and Builds the World’s Fastest Supercomputer,"The Chinese supercomputer LineShine was ranked as the fastest in the world, despite not using any GPUs.",https://www.wired.com/story/china-defies-us-restrictions-and-builds-the-worlds-fastest-supercomputer/,2026-06-28T09:00:00Z,"China now has the world's fastest supercomputer, overtaking the United States. The system, known as LineShine and installed at the National Supercomputing Center in Shenzhen, displaced the US system … [+3270 chars]"
Scientific American,Ari Sen,Jieneng Chen,Creating artificial-intelligence tools for cancer detection,https://www.scientificamerican.com/article/jieneng-chen/,2026-06-16T09:53:00Z,"Quick Facts
Jieneng Chen
Age
28
Field
Computational Biology
Institution
Stanford University
Computer scientist Jieneng Chen wants to digitize the physical world. He is the inventor of TransUN… [+2319 chars]"
Gizmodo.com,AJ Dellinger,Microsoft’s AI Chief Insists He’s Not Posting Thirst Traps on Main After Messy Breakup With OpenAI,Microsoft is not officially single and looking.,https://gizmodo.com/microsofts-ai-chief-insists-hes-not-posting-thirst-traps-on-main-after-messy-breakup-with-openai-2000768803,2026-06-08T19:25:04Z,"OpenAI and Microsoft looked like an artificial intelligence power couple, but the AI lab’s growth started to make Microsoft feel a bit boxed in. After all, it’s actually the trillion-dollar company, … [+4197 chars]"
Gizmodo.com,AJ Dellinger,China Turns on the World’s First Underwater Data Center,It's probably better than data centers in orbit.,https://gizmodo.com/china-turns-on-the-worlds-first-underwater-data-center-2000769502,2026-06-09T18:40:15Z,We’ve already managed to cause ocean temperatures to rise by burning fossil fuels. Now we’ve figured out a more direct way to do it: dipping our heat-generating data centers directly in the water. Ch… [+2528 chars]
Gizmodo.com,James Pero,Illinois Could Become the First State to Ban Drivers From Wearing Smart Glasses,Illinois is pumping the brakes on where you're allowed to wear AI on your face.,https://gizmodo.com/illinois-could-become-the-first-state-to-ban-drivers-from-wearing-smart-glasses-2000772999,2026-06-17T15:15:53Z,"Smart glasses are facing pushback from all over. The whole category is getting banned in courtrooms, on certain parts of cruise ships, during standardized testing, and now they’re speeding toward a s… [+2275 chars]"
Fox News,,Fox News AI Newsletter: Bezos predicts labor shortage,"The Fox News AI Newsletter covers the latest artificial intelligence technology advancements, including the challenges and opportunities AI presents now and for the future.",https://www.foxnews.com/tech/ai-newsletter-bezos-predicts-labor-shortage,2026-06-19T17:57:52Z,"Welcome to Fox News Artificial Intelligence newsletter with the latest AI technology advancements.
IN TODAYS NEWSLETTER:
- Jeff Bezos predicts AI will create a labor shortage, not replace human wor… [+3634 chars]"
BBC News,https://www.facebook.com/bbcnews,Stanford was their golden ticket - could AI help or hinder that?,The BBC spoke with Stanford University graduates about what they really think about artificial intelligence.,https://www.bbc.co.uk/news/articles/c872j82j2qyo,2026-06-23T23:16:37Z,"Stanford has laid claim to innovations ranging from computer time-sharing to the synthesis of biologically active DNA.
It's home to the SLAC National Accelerator Laboratory where the first website i… [+2151 chars]"
Huggingface.co,,Kimi K2.7-Code: open-source coding model with better token efficiency,We’re on a journey to advance and democratize artificial intelligence through open source and open science.,https://huggingface.co/moonshotai/Kimi-K2.7-Code,2026-06-12T10:42:50Z,"1. Model Introduction
Kimi K2.7 Code is a coding-focused agentic model built upon Kimi K2.6. With substantial improvements on real-world long-horizon coding tasks, it strengthens end-to-end task com… [+10688 chars]"
Scientific American,Brianne Kane,Lvmin Zhang,Developing artificial-intelligence systems to enhance digital art creation,https://www.scientificamerican.com/article/lvmin-zhang/,2026-06-16T09:33:00Z,"Quick Facts
Lvmin Zhang
Age
29
Field
Artificial Intelligence
Institution
Stanford University
When Lvmin Zhang was in high school, he says, everyone thought artificial intelligence was science… [+2147 chars]"
Scientific American,Lauren J. Young,Christina V. Theodoris,Creating artificial-intelligence models to find treatments for cardiac diseases,https://www.scientificamerican.com/article/christina-v-theodoris/,2026-06-16T09:37:00Z,"Quick Facts
Christina V. Theodoris
Age
39
Field
Computational Biology
Institution
Gladstone Institutes and the University of California, San Francisco
Medical researchers can spend their enti… [+2274 chars]"
Scientific American,Deni Ellis Béchard,Alex L. Zhang,Making artificial-intelligence recursive language models more efficient,https://www.scientificamerican.com/article/alex-l-zhang/,2026-06-16T09:34:00Z,"Quick Facts
Alex L. Zhang
Age
24
Field
Artificial Intelligence
Institution
Massachusetts Institute of Technology
Alex L. Zhang was 13 years old when he published a video game that went viral.… [+2230 chars]"
Artificialanalysis.ai,Artificial Analysis,GLM-5.2 is the new leading open weights model on Artificial Analysis,Benchmarks and Analysis of GLM-5.2,https://artificialanalysis.ai/articles/glm-5-2-is-the-new-leading-open-weights-model-on-the-artificial-analysis-intelligence-index,2026-06-17T09:12:00Z,"Z ais GLM-5.2 is the new leading open weights model on the Artificial Analysis Intelligence Index scoring 51 and it sits on the Pareto frontier of Intelligence vs Cost per Task
GLM-5.2 is the same s… [+3491 chars]"
BBC News,,The battle in rural America against AI data centres,Utah approves the world’s largest data centre (62sq miles) but opposition is growing,https://www.bbc.co.uk/sounds/play/w3ct8lz6?at_campaign=rss,2026-06-12T15:50:00Z,"Available for over a year
The worlds largest data centre (62sq miles) has been approved in Utah, but there is growing opposition towards the project. At twice the size of Manhattan with promises to … [+2474 chars]"
Business Insider,Lloyd Lee,Google DeepMind CEO says we don't have much time to prepare for the 'new human era',Google DeepMind CEO Demis Hassabis said AGI is just a few years a way and that humanity doesn't have much time to prepare for it.,https://www.businessinsider.com/google-deepmind-ceo-demis-hassabis-agi-new-human-era-2026-6,2026-06-04T09:46:01Z,"Google DeepMind CEO Demis Hassabis raised the possibility of a ""post-scarcity world"" with the imminent arrival of artificial general intelligence.Karl Mondon / AFP via Getty Images
<ul><li>Google De… [+2219 chars]"
Scientific American,Jeanna Bryner,Omar Yaghi,The Nobel laureate shares how artificial intelligence will change the way science is done,https://www.scientificamerican.com/article/omar-yaghi/,2026-06-16T07:00:00Z,"Omar Yaghi is a professor of chemistry at the University of California, Berkeley, who was jointly awarded the 2025 Nobel Prize in Chemistry for his pioneering work on metal-organic frameworks (MOFs).… [+9282 chars]"
Scientific American,Andrea Thompson,Dmitrii Kochkov,Making artificial-intelligence tools to predict what climate change will mean for extreme weather,https://www.scientificamerican.com/article/dmitrii-kochkov/,2026-06-16T09:43:00Z,"Quick Facts
Dmitrii Kochkov
Age
34
Field
Artificial Intelligence
Institution
Google Research
As a child in Petrozavodsk, Russia, Dmitrii Kochkov loved solving geometry puzzles with his parent… [+2253 chars]"
Scientific American,Rachel Nuwer,Fei-Fei Li,The Stanford University artificial intelligence leader on why basic science needs more support,https://www.scientificamerican.com/article/fei-fei-li/,2026-06-16T07:00:00Z,"Fei-Fei Li is a computer scientist at Stanford University whose research focuses on artificial intelligence and computer vision. She co-directed the ImageNet project, helped advance modern machine-le… [+6434 chars]"
Scientific American,Leila Sloman,Mathematicians sign declaration to rein in AI use,A group of researchers have proposed rules to prevent artificial intelligence from overpowering humans in math,https://www.scientificamerican.com/article/mathematicians-sign-declaration-to-rein-in-ai-use/,2026-06-02T10:01:00Z,"Last month many mathematicians were shocked by OpenAI’s announcement that artificial intelligence had solved geometry’s famous “unit distance” problem.
For some, the achievement was exciting. But re… [+4898 chars]"
Scientific American,Rachel Nuwer,Max Hodak,The Neuralink co-founder on how artificial intelligence is the new industrial revolution,https://www.scientificamerican.com/article/max-hodak/,2026-06-16T07:00:00Z,"Max Hodak is a biomedical engineer and technology entrepreneur. He is founder and CEO of Science Corporation, which develops neural technologies, and previously co-founded Neuralink, where he served … [+4821 chars]"
Nature.com,"Francisco Lara-García, Van C. Tran",Artificial intelligence shines a light on hidden global migration flows,Training a neural network to collate data from several sources provides a high-resolution view of how people are moving around the world.,https://www.nature.com/articles/d41586-026-01588-4,2026-06-10T00:00:00Z,"<li>Willekens, F., Massey, D., Raymer, J. &amp; Beauchemin, C. Science352, 897899 (2016).
Article 
 PubMed 
Google Scholar 
</li><li>Azose, J. J. &amp; Raftery, A. E. Proc. Natl Acad. Sci. USA116… [+833 chars]"
Abcnews.com,MATT O'BRIEN AP technology writer,Trump signs an executive order to vet top AI models for national security risks,"President Donald Trump has signed a new executive order on artificial intelligence, less than two weeks after postponing a White House ceremony over his concerns that a similar policy could dull America’s edge on AI technology",https://abcnews.com/Technology/wireStory/trump-signs-executive-order-vet-top-ai-models-133524100,2026-06-02T17:44:07Z,"President Donald Trump signed an executive order on artificial intelligence Tuesday, less than two weeks after postponing a White House ceremony over his concerns that a similar policy could dull Ame… [+990 chars]"
Business Insider,Melia Russell,One of legal's hottest startups is helping lawyers finally answer: Is the AI's work any good?,Legal AI startups say their tools can absorb routine work. Crosby is releasing a benchmark to test whether lawyers should trust them.,https://www.businessinsider.com/crosby-releases-redline-bench-evaluate-ai-models-for-contract-review-2026-6#article,2026-06-17T09:30:01Z,"Ryan Daniels and John Sarihan.Crosby
<ul><li>Billions of dollars are riding on the promise that artificial intelligence can absorb legal work.</li><li>Crosby, a tech-driven law firm, built a benchma… [+4581 chars]"
Gizmodo.com,AJ Dellinger,The CEOs are No Longer (Publicly) Threatening to Replace Humans With AI,"From “my job is to help people destroy jobs"" to “I’m delighted to ⁠be wrong about this.""",https://gizmodo.com/the-ceos-are-no-longer-publicly-threatening-to-replace-humans-with-ai-2000771277,2026-06-16T17:53:08Z,"Since ChatGPT came onto the scene in late 2022, there has been a singular message from tech executives to the broader workforce regarding the new technology: it is coming for your job. They have insi… [+11148 chars]"
Boing Boing,Rob Beschizza,British police officer accused of using AI to fabricate evidence,"A Derbyshire Constabulary officer is under criminal investigation over claims they used artificial intelligence to fabricate evidence. The BBC's Samantha Noble reports that it's thought to be the first case of its kind in Britain.

The officer is alleged to h…",https://boingboing.net/2026/06/16/british-police-officer-accused-of-using-ai-to-fabricate-evidence.html,2026-06-16T11:42:14Z,A Derbyshire Constabulary officer is under criminal investigation over claims they used artificial intelligence to fabricate evidence. The BBC's Samantha Noble reports that it's thought to be the fir… [+1907 chars]
Boing Boing,Jason Weisberger,Companies discover AI is expensive when employees actually use it,"The artificial intelligence revolution has reached the point where management begs employees to stop feeding PDFs into the robot so it can burp out PowerPoint decks nobody wanted in the first place. 
The entire AI bubble is built on the idea that someday, som…",https://boingboing.net/2026/06/24/companies-discover-ai-is-expensive-when-employees-actually-use-it.html,2026-06-24T19:30:29Z,The artificial intelligence revolution has reached the point where management begs employees to stop feeding PDFs into the robot so it can burp out PowerPoint decks nobody wanted in the first place. … [+1211 chars]
Slashdot.org,BeauHD,Google CEO Largely Avoids Discussing AI In Stanford Commencement Speech,"BrianFagioli writes: Google CEO Sundar Pichai delivered Stanford University's 2026 commencement address, but despite leading one of the companies at the center of the AI boom, he spent very little time discussing artificial intelligence. Instead, the speech f…",https://news.slashdot.org/story/26/06/15/0540243/google-ceo-largely-avoids-discussing-ai-in-stanford-commencement-speech,2026-06-15T16:00:00Z,"BrianFagioli writes: Google CEO Sundar Pichai delivered Stanford University's 2026 commencement address, but despite leading one of the companies at the center of the AI boom, he spent very little ti… [+1362 chars]"
BBC News,https://www.facebook.com/bbcnews,Meta halts worker tracking for AI training due to privacy fears,The company had started just two months ago tracking workers’ computer usage for AI training data.,https://www.bbc.co.uk/news/articles/cq615g3z36po,2026-06-23T17:51:30Z,"Meta has paused a new company-wide program of tracking its employees' computer usage which has been plagued by internal frustration.
The program was started only two months ago as part of an effort … [+2473 chars]"
Yahoo Entertainment,WSJ,"Institutional Resilience, Global Electrification, and the AI Wave","A panel of finance, energy and information technology chief executives discuss how they are managing stock market volatility, global energy transitions, and...",https://finance.yahoo.com/video/institutional-resilience-global-electrification-ai-164500264.html,2026-06-09T16:45:00Z,"A panel of finance, energy and information technology chief executives discuss how they are managing stock market volatility, global energy transitions, and the massive wave of artificial intelligenc… [+13 chars]"
Kotaku,Rebekah Valentine,GameStop Snuck An Alarming AI Disclosure Into The Risks Section Of Its Latest Annual Report,"Yoobic, I bic, we all bic",https://kotaku.com/gamestop-ai-disclosure-risks-annual-report-2000701213,2026-06-01T22:13:25Z,"GameStop shoppers, beware. It sounds like the retailer is on the cusp of inserting some sort of consumer-facing AI garbage into its shopping experience.
This comes from the company’s annual report, … [+5793 chars]"
Gizmodo.com,Ece Yildirim,"Under Trump, DOJ Moves to Intervene in NAACP Lawsuit in Support of Musk’s xAI","In a memo, the DOJ said xAI's Grok is vital for national security efforts, especially in Iran.",https://gizmodo.com/under-trump-doj-moves-to-intervene-in-naacp-lawsuit-in-support-of-musks-xai-2000772560,2026-06-16T18:19:55Z,"The Department of Justice and the state of Mississippi have just moved to intervene in a lawsuit filed by the civil rights group NAACP against xAI, claiming that xAI’s business is a matter of nationa… [+3389 chars]"
Gizmodo.com,Bruce Gil,US Government Reportedly Allowing Federal Data Center Rules to Expire,A federal law setting standards for government data centers is set to expire this year with no clear replacement.,https://gizmodo.com/us-government-reportedly-allowing-federal-data-center-rules-to-expire-2000772083,2026-06-15T19:40:27Z,"The AI boom continues to drive new data center projects (and subsequent public outcries) across the country, while a law that sets standards for how federal agencies build, use, and operate data cent… [+3093 chars]"
Gizmodo.com,AJ Dellinger,Sam Altman Eyes Bernie Sanders as His Pope,Look who is ready to play ball.,https://gizmodo.com/sam-altman-eyes-bernie-sanders-as-his-pope-2000767184,2026-06-03T21:37:55Z,"After Anthropic got an invitation from Pope Leo XIV for his encyclical on artificial intelligence, OpenAI is looking for its own moral authority to latch onto. It seems that Altman and company have c… [+3383 chars]"
Gizmodo.com,Bruce Gil,SpaceX’s IPO Could Make Some Trump Administration Officials Even Richer,Several Trump administration officials held millions in SpaceX and xAI equity ahead of the company’s planned massive IPO.,https://gizmodo.com/spacexs-ipo-could-make-some-trump-administration-officials-even-richer-2000767020,2026-06-03T17:40:08Z,"Elon Musk isnt the only person set to get richer when SpaceX goes public next week.
According to a Bloomberg report, 10 Trump administration officials disclosed holding millions of dollars in stakes… [+3144 chars]"
Gizmodo.com,Ed Cara,Deadly Proteins Behind Mad Cow Disease Might Help Us Fight Superbugs,"The same prions responsible for mad cow disease and other deadly brain disorders could contain fragments that can treat drug-resistant bacteria, new research suggests.",https://gizmodo.com/deadly-proteins-behind-mad-cow-disease-might-help-us-fight-superbugs-2000775302,2026-06-22T15:55:10Z,The next frontier of antibiotics might come from an unexpected place. Recent research identifies potential antibiotic candidates from inside prionsproteins capable of causing some of the deadliest br… [+3756 chars]
Gizmodo.com,Germain Lussier,‘Star Wars’ and ‘Jurassic World’ Director Gareth Edwards Is All for AI in Filmmaking,The man who also made 'The Creator' and 'Godzilla' enthusiastically endorsed the technology at a recent event.,https://gizmodo.com/star-wars-and-jurassic-world-director-gareth-edwards-is-all-for-ai-in-filmmaking-2000765061,2026-05-29T17:00:46Z,"A director who has made films in some of the biggest franchises in the world just came out as a strong advocate of artificial intelligence in filmmaking. Gareth Edwards, the director of Godzilla, Rog… [+2403 chars]"
Gizmodo.com,Bruce Gil,The Pope’s AI Warning Could Help Workers Seek Religious Exemptions From Using AI,A North Carolina software engineer already secured an accommodation allowing her to avoid using AI at work based on her religious beliefs.,https://gizmodo.com/the-popes-ai-warning-could-help-workers-seek-religious-exemptions-from-using-ai-2000768283,2026-06-06T11:00:28Z,"Pope Leo XIVs recent encyclical on AI could set off a wave of workers seeking religious exemptions from using the tech at work.
One software engineer in North Carolina already secured one last month… [+3024 chars]"
Gizmodo.com,Gayoung Lee,IBM Crosses One of Computing’s Biggest Barriers With World’s First Sub-1 Nanometer Chip,The new chip technology packs nearly 100 billion transistors into a fingernail-sized chip.,https://gizmodo.com/ibm-crosses-one-of-computings-biggest-barriers-with-worlds-first-sub-1-nanometer-chip-2000777736,2026-06-25T16:40:02Z,"In a major breakthrough, IBM revealed the world’s first semiconductor chip technology built on a sub-1 nanometer chipmaking process. For comparison, the process uses transistor features smaller than … [+3403 chars]"
Gizmodo.com,Bruce Gil,A Federal Regulator Wants to Fast-Track AI Data Centers Onto the Power Grid,The Federal Energy Regulatory Commission is pushing grid operators to update rules for connecting massive power users.,https://gizmodo.com/a-federal-regulator-wants-to-fast-track-ai-data-centers-onto-the-power-grid-2000773803,2026-06-18T21:15:18Z,"It seems like a major U.S. energy regulator is trying to have it all. It wants grid operators to move faster in connecting power-hungry data centers, while also keeping costs down for regular consume… [+3526 chars]"
Gizmodo.com,Passant Rabie,"Meet ERNEST, NASA’s Next-Generation Rover Designed to Be Faster and Tougher",The prototype rover recently traversed across the Colorado Desert at 10 times the speed of its predecessors.,https://gizmodo.com/meet-ernest-nasas-next-generation-rover-designed-to-be-faster-and-tougher-2000774216,2026-06-19T17:00:05Z,"During a recent field test in the Colorado desert, a four-wheeled rover traveled across 16 miles (25 kilometers) in a little over a day and a half, lifting its mesh wheels to drive over obstacles in … [+3693 chars]"
Scientific American,Claire Cameron,Trump’s new AI executive order drastically shifts the administration’s stance on the tech,This order asks artificial intelligence companies to give the U.S. government up to 30 days to assess frontier models before they are released,https://www.scientificamerican.com/article/trumps-new-ai-executive-order-drastically-shifts-the-administrations-stance-on-the-tech/,2026-06-02T17:15:00Z,On Tuesday President Donald Trump issued an executive order that seeks to give the U.S. government more oversight of “frontier” artificial intelligence models—signaling a fundamental shift from the a… [+1946 chars]
Gwern.net,Gwern,Human-Like Neural Nets by Catapulting,Speculative proposal to create artificial neural nets with human-like performance by high-learning-rate/regularization training of overparameterized NNs to trigger catapulting/grokking. Over-parameterization as a route to true generalization would resolve man…,https://gwern.net/llm-catapult,2026-06-06T23:45:36Z,"What all of these anomalies seem to share is a core of scaling-law-like relationship of parameters, memorization, generalization, and traininga multi-way bias-variance tradeoff, where different syste… [+25972 chars]"
Doubleword.ai,,Prediction: A Frontier open-source LLM Will Be Released On 3rd December 2026,Using artificial analysis benchmarks we try to predict when an open source LLM will be released that matches frontier LLMs.,https://blog.doubleword.ai/frontier-os-llm,2026-06-26T21:14:47Z,"Interactive plot of the Artificial Analysis Intelligence Index for open and closed frontier models.
I have seen a version of the above plot going around Twitter and wanted to dig a bit deeper into i… [+2962 chars]"
CNET,Laura Michelle Davis,Apple's Price Hikes Aren't Just an AI Problem,Commentary: The boom in artificial intelligence is causing a memory chip shortage. Apple decided to make us pay for it.,https://www.cnet.com/news/apple-price-hikes-not-unavoidable-blame-ai-boom/,2026-06-28T11:01:09Z,"Last week, in an exclusive interview with the Wall Street Journal, outgoing Apple CEO Tim Cook warned that the memory chip crunch made price increases ""unavoidable."" He also made what seemed like a p… [+10095 chars]"
Wired,Emily Mullin,OpenAI and Anthropic Sign Letter to Prevent AI-Developed Biological Weapons,"Leading AI labs, executives, and scientists are sending a letter to lawmakers urging them to improve tracking of synthetic DNA sequences that could be used for bioweapons.",https://www.wired.com/story/openai-anthropic-letter-ai-biological-weapons/,2026-06-04T01:01:00Z,The CEOs of several major artificial intelligence companies are urging members of Congress to adopt new laws that would make it harder for bad actors to develop biological weapons using their technol… [+4381 chars]
Techdirt,Daily Deal,Daily Deal: The Ultimate Python & Artificial Intelligence Bundle,"The Ultimate Python and Artificial Intelligence Bundle has 9 courses to help you take your Python and AI knowledge to the next level. You’ll learn about data pre-processing and visualization, artificial neural networks, how to use the Keras framework, and mor…",http://www.techdirt.com/2026/06/09/daily-deal-the-ultimate-python-artificial-intelligence-bundle-7/,2026-06-09T18:06:28Z,"from the good-deals-on-cool-stuff dept
The Ultimate Python and Artificial Intelligence Bundle has 9 courses to help you take your Python and AI knowledge to the next level. You’ll learn about data p… [+361 chars]"
Golem.de,The New York Times Magazine,(g+) Artificial Intelligence: Who Will Actually Thrive in the Hybrid A.I.-Human Work Force,"A panel of experts explains how job seekers should prepare for the future of work. (KI, Silicon Valley)",https://www.golem.de/sonstiges/zustimmung/auswahl.html?from=https%3A%2F%2Fwww.golem.de%2Fnews%2Fartificial-intelligence-who-will-actually-thrive-in-the-hybrid-a-i-human-work-force-2606-209730.html&referer=https%3A%2F%2Ft.co%2Ffb7952bb34,2026-06-15T08:57:02Z,"Besuchen Sie Golem.de wie gewohnt mit Werbung und Tracking,
 indem Sie der Nutzung aller Cookies zustimmen.
 Details zum Tracking finden Sie im Privacy Center.
Skript wurde nicht geladen. Informat… [+607 chars]"
Slashdot.org,EditorDavid,Several US States Bet That AI Can Solve Their Prison Recidivism Crisis,"America's state prison systems need ways ""to keep people from returning to prison,"" reports the Wall Street Journal, ""when an estimated 40% end up back behind bars within three years.""

Part of the problem comes in the form of filing cabinets, manila folders …",https://news.slashdot.org/story/26/06/21/2340231/several-us-states-bet-that-ai-can-solve-their-prison-recidivism-crisis,2026-06-22T11:34:00Z,"Part of the problem comes in the form of filing cabinets, manila folders and legacy digital databases. In other words, records for a single prisoner might be kept in a dozen places... Now a group of … [+964 chars]"
Slashdot.org,EditorDavid,Dell Stock Surges 32% in One Day. Big Revenue From AI Servers Stuns Analysts,"Dell's stock skyrocketed 32.76% on Friday, ""its best day ever,"" reports CNBC, after Dell ""reported its fastest pace for revenue growth for any period since returning to the public market in 2018..."" 

""Shares are now up 234% in 2026.""

Dell, which reported fi…",https://slashdot.org/story/26/05/29/2033206/dell-stock-surges-32-in-one-day-big-revenue-from-ai-servers-stuns-analysts,2026-05-29T23:34:00Z,"Dell's stock skyrocketed 32.76% on Friday, ""its best day ever,"" reports CNBC, after Dell ""reported its fastest pace for revenue growth for any period since returning to the public market in 2018...""""… [+1111 chars]"
Business Insider,Melia Russell,Score 1 for AI. Law firm staffed by bots wins a case in an English court.,"Garfield, a tech startup that is also a regulated law firm, cinches a victory for a client — and for robo-lawyers everywhere.",https://www.businessinsider.com/ai-law-firm-garfield-helps-freelancer-win-court-case-2026-6#article,2026-06-24T18:25:59Z,"Andrew Aitchison/Getty Images
<ul><li>Garfield, an AI-powered law firm, has helped a freelancer win a court case in England.</li><li>The freelancer used Garfield's software to draft a legal letter t… [+3672 chars]"
Business Insider,Kelsey Vlamis,Read Sam Altman's plan for OpenAI as it enters its 'third phase',"OpenAI's Sam Altman outlines AI's third phase, focusing on abundance, safety, and global collaboration as the company plans an IPO.",https://www.businessinsider.com/sam-altman-openai-third-phase-plan-2026-6,2026-06-08T22:34:23Z,"Sam Altman and OpenAI's chief scientist shared their plans for the ""third phase"" of the company.Kyle Grillot/Bloomberg via Getty Images
<ul><li>OpenAI CEO Sam Altman and its chief scientist say the … [+2878 chars]"
Business Insider,Melia Russell,He built tech to connect the Israeli army's data. Now he has $14 million from VCs to do it for companies.,Israeli startup Upriver has raised $14 million to help companies clean up and manage the business data that AI tools need to work reliably.,https://www.businessinsider.com/israel-startup-upriver-raises-14-million-ai-data-engineering-2026-6,2026-06-11T09:30:01Z,"Ido Bronstein and Omri Lifshitz.Upriver
<ul><li>Israeli startup Upriver has raised $14 million to improve AI data management for companies.</li><li>The founders' military experience in data intellig… [+3732 chars]"
Golem.de,George Hammond,(g+) Artificial Intelligence: Anthropic finalises $65bn funding deal to surpass OpenAI's valuation,"New round values Claude AI maker at $965bn including the latest money
Anthropic has raised $65bn in a funding round that will nearly treble the start-up's valuation and see it leapfrog arch-rival OpenAI as the most valuable AI lab. (Anthropic, KI)",https://www.golem.de/sonstiges/zustimmung/auswahl.html?from=https%3A%2F%2Fwww.golem.de%2Fnews%2Fartificial-intelligence-anthropic-finalises-65bn-funding-deal-to-surpass-openai-s-valuation-2605-209189.html&referer=https%3A%2F%2Ft.co%2F0039202b33,2026-05-29T09:15:02Z,"Besuchen Sie Golem.de wie gewohnt mit Werbung und Tracking,
 indem Sie der Nutzung aller Cookies zustimmen.
 Details zum Tracking finden Sie im Privacy Center.
Skript wurde nicht geladen. Informat… [+607 chars]"
Golem.de,Eli Saslow,(g+) Artificial Intelligence: The World's Leading Deepfake Expert No Longer Trusts His Own Eyes,"In the age of A.I., Hany Farid is struggling to prove what's real before the internet decides for itself. Von Eli Saslow (Deepfake, KI)",https://www.golem.de/sonstiges/zustimmung/auswahl.html?from=https%3A%2F%2Fwww.golem.de%2Fnews%2Fartificial-intelligence-the-world-s-leading-deepfake-expert-no-longer-trusts-his-own-eyes-2606-210039.html&referer=https%3A%2F%2Ft.co%2F1fac83382d,2026-06-22T13:30:02Z,"Besuchen Sie Golem.de wie gewohnt mit Werbung und Tracking,
 indem Sie der Nutzung aller Cookies zustimmen.
 Details zum Tracking finden Sie im Privacy Center.
Skript wurde nicht geladen. Informat… [+607 chars]"
Golem.de,Jamie John,(g+) Artificial Intelligence: 'We created a monster': companies rein in AI usage as costs strain budgets,"Amazon, Walmart and Uber are among early adopters that have introduced caps or discouraged wasteful activity Von Jamie John, Rafe Rosner-Uddin und Ryan McMorrow (KI, Amazon)",https://www.golem.de/sonstiges/zustimmung/auswahl.html?from=https%3A%2F%2Fwww.golem.de%2Fnews%2Fartificial-intelligence-we-created-a-monster-companies-rein-in-ai-usage-as-costs-strain-budgets-2606-209981.html&referer=https%3A%2F%2Ft.co%2F10d8b6c2f2,2026-06-19T13:45:01Z,"Besuchen Sie Golem.de wie gewohnt mit Werbung und Tracking,
 indem Sie der Nutzung aller Cookies zustimmen.
 Details zum Tracking finden Sie im Privacy Center.
Skript wurde nicht geladen. Informat… [+607 chars]"
Nature.com,Mariana Lenharo,How good are ‘AI doctors’ — and will they take over medicine?,Nature talks to specialists about whether people might soon be diagnosed by artificial-intelligence systems.,https://www.nature.com/articles/d41586-026-01691-6,2026-06-03T00:00:00Z,"At least one clinical trial is in the works that aims to test the ability of an AI doctor to take a patients information and propose a diagnosis.Credit: andrei_r/Getty
AI outperforms doctors in emer… [+3951 chars]"
Nature.com,David Payne,AI in science recruitment: friend or foe? Join our free webinar,"Discover the strengths, limitations and risks associated with using artificial intelligence in your science job applications.",https://www.nature.com/articles/d41586-026-01774-4,2026-06-03T00:00:00Z,"A free webinar will explore the pros and cons of using AI to recruit scientists.Credit: Catherine McQueen/Getty
Artificial intelligence can help in drafting job advertisements, processing applicatio… [+394 chars]"
Nature.com,Mariana Lenharo,Is AI ruining our skills? Early results are in — and they’re not good,"Reliance on artificial-intelligence tools degrades the abilities of physicians and software engineers, studies show.",https://www.nature.com/articles/d41586-026-01947-1,2026-06-18T00:00:00Z,Physicians own ability to spot pre-cancerous growths during colonoscopies declined after they had grown accustomed to using an artificial-intelligence tool to help with the task.Credit: Gabrielle Voi… [+3368 chars]
Nature.com,Miryam Naddaf,Human migration has surged since 2000 — these maps reveal where people are going,"Modelling with artificial-intelligence tools has filled gaps in migration data, revealing detailed global population movements from 1990 to 2023.",https://www.nature.com/articles/d41586-026-01796-y,2026-06-10T00:00:00Z,"Ukrainian immigrants living in Spain take part in a procession through the streets of Madrid. Credit: Aaron Heredia/NurPhoto via Getty
Global migration has increased from 13 million people per year … [+3178 chars]"
Slashdot.org,EditorDavid,Scroll Burned in 79 AD Volcanic Eruption Finally Deciphered Using AI,"When Mt. Vesuvius erupted in 79 A.D., it buried hundreds of papyrus
scrolls. They were rediscovered in the mid-1700s, remembers Smithsonian magazine, ""the only
surviving collection of its kind from the Greco-Roman
world..."" 



""But when scholars tried to unr…",https://science.slashdot.org/story/26/06/27/1825220/scroll-burned-in-79-ad-volcanic-eruption-finally-deciphered-using-ai,2026-06-27T19:34:00Z,"When Mt. Vesuvius erupted in 79 A.D., it buried hundreds of papyrus
scrolls. They were rediscovered in the mid-1700s, remembers Smithsonian magazine, ""the only
surviving collection of its kind from… [+1880 chars]"
